{
    "Primary": {
        "Sidearm":{
            "a": 0.00002942,
            "b": -0.014428,
            "c": 2.29
        },
        "SMG":{
            "a": 0.00007514,
            "b": -0.022763,
            "c": 2.85
        },
        "Auto Rifle":{
            "a": 0.00010564,
            "b": -0.029004,
            "c": 3.09
        },
        "Pulse Rifle":{
            "a": 0.00011435,
            "b": -0.030829,
            "c": 3.22
        },
        "Scout Rifle":{
            "a": 0.00012706,
            "b": -0.033307,
            "c": 3.44
        },
        "Hand Cannon":{
            "a": 0.00015928,
            "b": -0.043624,
            "c": 4.62
        },
        "Bow":{
            "a": 0.00008186,
            "b": -0.023715,
            "c": 2.90
        }
    },
    "Special": {
        "Shotgun":{
            "a": 0.00007907,
            "b": -0.017328,
            "c": 1.42
        },
        "Fusion Rifle":{
            "a": 0.00007596,
            "b": -0.023525,
            "c": 3.06
        },
        "Sniper Rifle":{
            "a": 0.00008327,
            "b": -0.027392,
            "c": 4.10
        },
        "Grenade Launcher":{
            "a": 0.00008941,
            "b": -0.025836,
            "c": 3.49
        }
    },
    "Heavy": {
        "Grenade Launcher":{
            "a": 0.00009324,
            "b": -0.029526,
            "c": 4.41
        },
        "Linear Fusion":{
            "a": 0.00007265,
            "b": -0.023662,
            "c": 3.10
        },
        "Rocket Launcher":{
            "a": 0.00012834,
            "b": -0.030575,
            "c": 4.38
        },
        "Machine Gun":{
            "a": 0.00011177,
            "b": -0.036215,
            "c": 6.47
        }
    }
}