{
    "Primary": {
        "Sidearm":{
            "a": 0.000882635,
            "b": -0.432829,
            "c": 68.6402
        },
        "SMG":{
            "a": 0.00225423,
            "b": -0.6829,
            "c": 85.4344
        },
        "Auto Rifle":{
            "a": 0.00316922,
            "b": -0.870122,
            "c": 92.5862
        },
        "Pulse Rifle":{
            "a": 0.0034304,
            "b": -0.924866,
            "c": 96.6938
        },
        "Scout Rifle":{
            "a": 0.00381167,
            "b": -0.999196,
            "c": 103.15
        },
        "Hand Cannon":{
            "a": 0.00477848,
            "b": -1.30872,
            "c": 138.482
        }
    },
    "Special": {
        "Shotgun":{
            "a": 0.00237208,
            "b": -0.519846,
            "c": 42.4795
        },
        "Fusion Rifle":{
            "a": 0.00227882,
            "b": -0.705757,
            "c": 91.6868
        },
        "Sniper Rifle":{
            "a": 0.00249814,
            "b": -0.821771,
            "c": 123.12
        },
        "Grenade Launcher":{
            "a": 0.00268222,
            "b": -0.775084,
            "c": 104.714
        }
    },
    "Heavy": {
        "Grenade Launcher":{
            "a": 0.00279716,
            "b": -0.885767,
            "c": 132.442
        },
        "Linear Fusion":{
            "a": 0.00217949,
            "b": -0.709871,
            "c": 93.0427
        },
        "Rocket Launcher":{
            "a": 0.00385034,
            "b": -0.917237,
            "c": 131.542
        }
    }
}